{"YStartTime":"2025-06-16 11:57:59","detectionTime":"2025-06-16 11:57:59","patternId":"PatId1","ActionType":"UPGRADE","customerName":"'C949023995'","MerchantId":"'M348934600'"}
{"YStartTime":"2025-06-16 11:57:59","detectionTime":"2025-06-16 11:57:59","patternId":"PatId1","ActionType":"UPGRADE","customerName":"'C185820405'","MerchantId":"'M1823072687'"}
{"YStartTime":"2025-06-16 11:57:59","detectionTime":"2025-06-16 11:57:59","patternId":"PatId1","ActionType":"UPGRADE","customerName":"'C447509116'","MerchantId":"'M348934600'"}
{"YStartTime":"2025-06-16 11:57:59","detectionTime":"2025-06-16 11:57:59","patternId":"PatId2","ActionType":"CHILD","customerName":"'C1872482068'","MerchantId":"'M1823072687'"}
