{"YStartTime":"2025-06-16 11:57:59","detectionTime":"2025-06-16 11:57:59","patternId":"PatId1","ActionType":"UPGRADE","customerName":"'C907777350'","MerchantId":"'M1823072687'"}
{"YStartTime":"2025-06-16 11:57:59","detectionTime":"2025-06-16 11:57:59","patternId":"PatId1","ActionType":"UPGRADE","customerName":"'C984099618'","MerchantId":"'M1823072687'"}
{"YStartTime":"2025-06-16 11:57:59","detectionTime":"2025-06-16 11:57:59","patternId":"PatId1","ActionType":"UPGRADE","customerName":"'C1715338428'","MerchantId":"'M348934600'"}
{"YStartTime":"2025-06-16 11:57:59","detectionTime":"2025-06-16 11:57:59","patternId":"PatId1","ActionType":"UPGRADE","customerName":"'C464042268'","MerchantId":"'M1823072687'"}
