{"YStartTime":"2025-06-16 11:57:59","detectionTime":"2025-06-16 11:57:59","patternId":"PatId2","ActionType":"CHILD","customerName":"'C1273110804'","MerchantId":"'M1823072687'"}
{"YStartTime":"2025-06-16 11:57:59","detectionTime":"2025-06-16 11:57:59","patternId":"PatId2","ActionType":"CHILD","customerName":"'C1378412230'","MerchantId":"'M1823072687'"}
{"YStartTime":"2025-06-16 11:57:59","detectionTime":"2025-06-16 11:57:59","patternId":"PatId2","ActionType":"CHILD","customerName":"'C1622587363'","MerchantId":"'M1823072687'"}
