{"YStartTime":"2025-06-16 11:57:59","detectionTime":"2025-06-16 11:57:59","patternId":"PatId1","ActionType":"UPGRADE","customerName":"'C980475207'","MerchantId":"'M1823072687'"}
{"YStartTime":"2025-06-16 11:57:59","detectionTime":"2025-06-16 11:57:59","patternId":"PatId1","ActionType":"UPGRADE","customerName":"'C1615196201'","MerchantId":"'M348934600'"}
{"YStartTime":"2025-06-16 11:57:59","detectionTime":"2025-06-16 11:57:59","patternId":"PatId2","ActionType":"CHILD","customerName":"'C2055156879'","MerchantId":"'M1823072687'"}
