{"YStartTime":"2025-06-16 11:57:59","detectionTime":"2025-06-16 11:57:59","patternId":"PatId1","ActionType":"UPGRADE","customerName":"'C631654729'","MerchantId":"'M1823072687'"}
{"YStartTime":"2025-06-16 11:57:59","detectionTime":"2025-06-16 11:57:59","patternId":"PatId1","ActionType":"UPGRADE","customerName":"'C1299474405'","MerchantId":"'M348934600'"}
{"YStartTime":"2025-06-16 11:57:59","detectionTime":"2025-06-16 11:57:59","patternId":"PatId1","ActionType":"UPGRADE","customerName":"'C1215468370'","MerchantId":"'M1823072687'"}
